Workbook

Sheet Resumen
A1: Comprobar un listado unido sin duplicados (ejemplo: listados de tienda y web del vídeo)
A2: Cómo se usa: pega tu primer listado en «Listado 1», el segundo en «Listado 2» y el listado unido en «Unido» (columnas A a E desde la fila 2: nombre, apellidos, email, teléfono, ciudad). La persona se identifica por el correo sin espacios y en minúsculas.
A4: Personas distintas en los dos listados originales | B4: =SUMPRODUCT(('Comprobación'!A$2:A$2001<>"")/COUNTIF('Comprobación'!A$2:A$2001,'Comprobación'!A$2:A$2001&""))
A5: Filas en el listado unido | B5: =COUNTA(Unido!C$2:C$1001)
A6: Personas repetidas en el unido (mismo correo en más de una fila) | B6: =SUMPRODUCT((Unido!G$2:G$1001="REPETIDA")/COUNTIF(Unido!F$2:F$1001,Unido!F$2:F$1001&""))
A7: Personas de los originales que faltan en el unido | B7: =SUMPRODUCT(('Comprobación'!B$2:B$2001="FALTA")/COUNTIF('Comprobación'!A$2:A$2001,'Comprobación'!A$2:A$2001&""))
A8: Personas sin fila propia (su correo está en una fila con otro correo) | B8: =SUMPRODUCT(('Comprobación'!B$2:B$2001="COMPARTE FILA")/COUNTIF('Comprobación'!A$2:A$2001,'Comprobación'!A$2:A$2001&""))
A9: Teléfono distinto entre un original y el unido (revisar) | B9: =COUNTIF('Comprobación'!C$2:C$2001,"TELÉFONO DISTINTO")
A10: Filas del unido con el mismo nombre que otra (¿personas distintas que se llaman igual?) | B10: =COUNTIF(Unido!H$2:H$1001,"MISMO NOMBRE")
A12: Resultado | B12: =IF(B5=0,"Pega el listado unido en la hoja «Unido»",IF(AND(B5=B4,B6=0,B7=0,B8=0),"CUADRA: mismas personas, ninguna repetida, ninguna perdida","NO CUADRA: mira «REPETIDA» y «VARIOS CORREOS» en Unido, y «FALTA» o «COMPARTE FILA» en Comprobación"))
A13: Ojo | B13: Que cuadre el número no basta: puede haber una repetida y una perdida a la vez. Por eso se cuentan por separado.

Sheet Unido
A1: nombre | B1: apellidos | C1: email | D1: telefono | E1: ciudad | F1: clave (correo limpio) | G1: ¿repetida? | H1: ¿mismo nombre? | I1: ¿varios correos?
F2: =IF(C2="","",LOWER(TRIM(C2))) | G2: =IF(F2="","",IF(COUNTIF(F$2:F$1001,F2)>1,"REPETIDA","")) | H2: =IF(F2="","",IF(COUNTIFS(A$2:A$1001,A2,B$2:B$1001,B2)>1,"MISMO NOMBRE","")) | I2: =IF(C2="","",IF(LEN(C2)-LEN(SUBSTITUTE(C2,"@",""))>1,"VARIOS CORREOS",""))
F3: =IF(C3="","",LOWER(TRIM(C3))) | G3: =IF(F3="","",IF(COUNTIF(F$2:F$1001,F3)>1,"REPETIDA","")) | H3: =IF(F3="","",IF(COUNTIFS(A$2:A$1001,A3,B$2:B$1001,B3)>1,"MISMO NOMBRE","")) | I3: =IF(C3="","",IF(LEN(C3)-LEN(SUBSTITUTE(C3,"@",""))>1,"VARIOS CORREOS",""))
F4: =IF(C4="","",LOWER(TRIM(C4))) | G4: =IF(F4="","",IF(COUNTIF(F$2:F$1001,F4)>1,"REPETIDA","")) | H4: =IF(F4="","",IF(COUNTIFS(A$2:A$1001,A4,B$2:B$1001,B4)>1,"MISMO NOMBRE","")) | I4: =IF(C4="","",IF(LEN(C4)-LEN(SUBSTITUTE(C4,"@",""))>1,"VARIOS CORREOS",""))
F5: =IF(C5="","",LOWER(TRIM(C5))) | G5: =IF(F5="","",IF(COUNTIF(F$2:F$1001,F5)>1,"REPETIDA","")) | H5: =IF(F5="","",IF(COUNTIFS(A$2:A$1001,A5,B$2:B$1001,B5)>1,"MISMO NOMBRE","")) | I5: =IF(C5="","",IF(LEN(C5)-LEN(SUBSTITUTE(C5,"@",""))>1,"VARIOS CORREOS",""))
F6: =IF(C6="","",LOWER(TRIM(C6))) | G6: =IF(F6="","",IF(COUNTIF(F$2:F$1001,F6)>1,"REPETIDA","")) | H6: =IF(F6="","",IF(COUNTIFS(A$2:A$1001,A6,B$2:B$1001,B6)>1,"MISMO NOMBRE","")) | I6: =IF(C6="","",IF(LEN(C6)-LEN(SUBSTITUTE(C6,"@",""))>1,"VARIOS CORREOS",""))
F7: =IF(C7="","",LOWER(TRIM(C7))) | G7: =IF(F7="","",IF(COUNTIF(F$2:F$1001,F7)>1,"REPETIDA","")) | H7: =IF(F7="","",IF(COUNTIFS(A$2:A$1001,A7,B$2:B$1001,B7)>1,"MISMO NOMBRE","")) | I7: =IF(C7="","",IF(LEN(C7)-LEN(SUBSTITUTE(C7,"@",""))>1,"VARIOS CORREOS",""))
F8: =IF(C8="","",LOWER(TRIM(C8))) | G8: =IF(F8="","",IF(COUNTIF(F$2:F$1001,F8)>1,"REPETIDA","")) | H8: =IF(F8="","",IF(COUNTIFS(A$2:A$1001,A8,B$2:B$1001,B8)>1,"MISMO NOMBRE","")) | I8: =IF(C8="","",IF(LEN(C8)-LEN(SUBSTITUTE(C8,"@",""))>1,"VARIOS CORREOS",""))
F9: =IF(C9="","",LOWER(TRIM(C9))) | G9: =IF(F9="","",IF(COUNTIF(F$2:F$1001,F9)>1,"REPETIDA","")) | H9: =IF(F9="","",IF(COUNTIFS(A$2:A$1001,A9,B$2:B$1001,B9)>1,"MISMO NOMBRE","")) | I9: =IF(C9="","",IF(LEN(C9)-LEN(SUBSTITUTE(C9,"@",""))>1,"VARIOS CORREOS",""))
F10: =IF(C10="","",LOWER(TRIM(C10))) | G10: =IF(F10="","",IF(COUNTIF(F$2:F$1001,F10)>1,"REPETIDA","")) | H10: =IF(F10="","",IF(COUNTIFS(A$2:A$1001,A10,B$2:B$1001,B10)>1,"MISMO NOMBRE","")) | I10: =IF(C10="","",IF(LEN(C10)-LEN(SUBSTITUTE(C10,"@",""))>1,"VARIOS CORREOS",""))
F11: =IF(C11="","",LOWER(TRIM(C11))) | G11: =IF(F11="","",IF(COUNTIF(F$2:F$1001,F11)>1,"REPETIDA","")) | H11: =IF(F11="","",IF(COUNTIFS(A$2:A$1001,A11,B$2:B$1001,B11)>1,"MISMO NOMBRE","")) | I11: =IF(C11="","",IF(LEN(C11)-LEN(SUBSTITUTE(C11,"@",""))>1,"VARIOS CORREOS",""))
F12: =IF(C12="","",LOWER(TRIM(C12))) | G12: =IF(F12="","",IF(COUNTIF(F$2:F$1001,F12)>1,"REPETIDA","")) | H12: =IF(F12="","",IF(COUNTIFS(A$2:A$1001,A12,B$2:B$1001,B12)>1,"MISMO NOMBRE","")) | I12: =IF(C12="","",IF(LEN(C12)-LEN(SUBSTITUTE(C12,"@",""))>1,"VARIOS CORREOS",""))
F13: =IF(C13="","",LOWER(TRIM(C13))) | G13: =IF(F13="","",IF(COUNTIF(F$2:F$1001,F13)>1,"REPETIDA","")) | H13: =IF(F13="","",IF(COUNTIFS(A$2:A$1001,A13,B$2:B$1001,B13)>1,"MISMO NOMBRE","")) | I13: =IF(C13="","",IF(LEN(C13)-LEN(SUBSTITUTE(C13,"@",""))>1,"VARIOS CORREOS",""))
... F1001: =IF(C1001="","",LOWER(TRIM(C1001))) | G1001: =IF(F1001="","",IF(COUNTIF(F$2:F$1001,F1001)>1,"REPETIDA","")) | H1001: =IF(F1001="","",IF(COUNTIFS(A$2:A$1001,A1001,B$2:B$1001,B1001)>1,"MISMO NOMBRE","")) | I1001: =IF(C1001="","",IF(LEN(C1001)-LEN(SUBSTITUTE(C1001,"@",""))>1,"VARIOS CORREOS",""))

Sheet Listado 1
A1: nombre | B1: apellidos | C1: email | D1: telefono | E1: ciudad
A2: Pablo | B2: Lozano Pérez | C2: pablo.lozano@correo-de-prueba.test | D2: 625 470 151 | E2: Oviedo
A3: Elena | B3: Sánchez Torres | C3: elena.sanchez37@correo-de-prueba.test | D3: 663 166 014 | E3: Valencia
A4: Marta | B4: Vargas Ortega | C4: marta.vargas46@correo-de-prueba.test | D4: 678 659 295 | E4: Zaragoza
A5: Sergio | B5: Molina Torres | C5: sergio.molina98@correo-de-prueba.test | D5: 698 873 190 | E5: Zaragoza
A6: María | B6: Pascual Castro | C6: maria.pascual50@correo-de-prueba.test | D6: 678 283 401 | E6: Valladolid
A7: Jorge | B7: Delgado Ramos | C7: jorge.delgado23@correo-de-prueba.test | D7: 680 645 701 | E7: Zaragoza
A8: Inés | B8: Romero Pascual | C8: ines.romero65@correo-de-prueba.test | D8: 651 655 144 | E8: Valladolid
A9: Iván | B9: Sánchez Lozano | C9: ivan.sanchez@correo-de-prueba.test | D9: 648 404 495 | E9: Oviedo
A10: Rubén | B10: Martín Delgado | C10: ruben.martin85@correo-de-prueba.test | D10: 698 126 045 | E10: Oviedo
A11: Noa | B11: Vidal Castro | C11: noa.vidal43@correo-de-prueba.test | D11: 681 174 269 | E11: Sevilla
A12: Carmen | B12: Molina Serrano | C12: carmen.molina25@correo-de-prueba.test | D12: 646 593 180 | E12: Badajoz
... A121: Carmen | B121: Lozano Ramos | C121: carmen.lozano@correo-de-prueba.test | D121: 617 298 292 | E121: Murcia

Sheet Listado 2
A1: nombre | B1: apellidos | C1: email | D1: telefono | E1: ciudad
A2: Sara | B2: Sánchez Santos | C2: sara.sanchez90@correo-de-prueba.test | D2: 671 554 335 | E2: Valladolid
A3: Lucía | B3: Méndez Navarro | C3: lucia.mendez@correo-de-prueba.test | D3: 648 732 735 | E3: Bilbao
A4: Iván | B4: Molina Gil | C4: ivan.molina12@correo-de-prueba.test | D4: 687 243 462 | E4: Murcia
A5: Mateo | B5: Pérez Torres | C5: mateo.perez64@correo-de-prueba.test | D5: 650 417 119 | E5: Málaga
A6: Luis | B6: Gil Vidal | C6: luis.gil92@correo-de-prueba.test | D6: 625 854 665 | E6: Oviedo
A7: Lucía | B7: Serrano Santos | C7: lucia.serrano79@correo-de-prueba.test | D7: 682 433 816 | E7: Murcia
A8: Lucía | B8: Castro Serrano | C8: lucia.castro63@correo-de-prueba.test | D8: 672 518 614 | E8: Sevilla
A9: Nuria | B9: Molina Vargas | C9: nuria.molina95@correo-de-prueba.test | D9: 652 214 500 | E9: Madrid
A10: Pablo | B10: Ramos Romero | C10: pablo.ramos@correo-de-prueba.test | D10: 642 606 310 | E10: Bilbao
A11: Iván | B11: Martín Molina | C11: ivan.martin71@correo-de-prueba.test | D11: 670 632 403 | E11: Badajoz
A12: Sergio | B12: Cano Lozano | C12: sergio.cano81@correo-de-prueba.test | D12: 698 583 362 | E12: Murcia
... A101: Víctor | B101: Cano Ortega | C101: victor.cano@correo-de-prueba.test | D101: 665 615 705 | E101: Málaga

Sheet Comprobación
A1: clave (correo limpio) | B1: ¿está en el unido? | C1: teléfono | D1: listado | E1: fila original
A2: =IF('Listado 1'!C2="","",LOWER(TRIM('Listado 1'!C2))) | B2: =IF(A2="","",IF(COUNTIF(Unido!F$2:F$1001,A2)>0,"sí",IF(COUNTIF(Unido!C$2:C$1001,"*"&A2&"*")>0,"COMPARTE FILA","FALTA"))) | C2: =IF(B2<>"sí","",IF(SUBSTITUTE(INDEX(Unido!D$2:D$1001,MATCH(A2,Unido!F$2:F$1001,0))," ","")=SUBSTITUTE('Listado 1'!D2," ",""),"","TELÉFONO DISTINTO")) | D2: Listado 1 | E2: 2
A3: =IF('Listado 1'!C3="","",LOWER(TRIM('Listado 1'!C3))) | B3: =IF(A3="","",IF(COUNTIF(Unido!F$2:F$1001,A3)>0,"sí",IF(COUNTIF(Unido!C$2:C$1001,"*"&A3&"*")>0,"COMPARTE FILA","FALTA"))) | C3: =IF(B3<>"sí","",IF(SUBSTITUTE(INDEX(Unido!D$2:D$1001,MATCH(A3,Unido!F$2:F$1001,0))," ","")=SUBSTITUTE('Listado 1'!D3," ",""),"","TELÉFONO DISTINTO")) | D3: Listado 1 | E3: 3
A4: =IF('Listado 1'!C4="","",LOWER(TRIM('Listado 1'!C4))) | B4: =IF(A4="","",IF(COUNTIF(Unido!F$2:F$1001,A4)>0,"sí",IF(COUNTIF(Unido!C$2:C$1001,"*"&A4&"*")>0,"COMPARTE FILA","FALTA"))) | C4: =IF(B4<>"sí","",IF(SUBSTITUTE(INDEX(Unido!D$2:D$1001,MATCH(A4,Unido!F$2:F$1001,0))," ","")=SUBSTITUTE('Listado 1'!D4," ",""),"","TELÉFONO DISTINTO")) | D4: Listado 1 | E4: 4
A5: =IF('Listado 1'!C5="","",LOWER(TRIM('Listado 1'!C5))) | B5: =IF(A5="","",IF(COUNTIF(Unido!F$2:F$1001,A5)>0,"sí",IF(COUNTIF(Unido!C$2:C$1001,"*"&A5&"*")>0,"COMPARTE FILA","FALTA"))) | C5: =IF(B5<>"sí","",IF(SUBSTITUTE(INDEX(Unido!D$2:D$1001,MATCH(A5,Unido!F$2:F$1001,0))," ","")=SUBSTITUTE('Listado 1'!D5," ",""),"","TELÉFONO DISTINTO")) | D5: Listado 1 | E5: 5
A6: =IF('Listado 1'!C6="","",LOWER(TRIM('Listado 1'!C6))) | B6: =IF(A6="","",IF(COUNTIF(Unido!F$2:F$1001,A6)>0,"sí",IF(COUNTIF(Unido!C$2:C$1001,"*"&A6&"*")>0,"COMPARTE FILA","FALTA"))) | C6: =IF(B6<>"sí","",IF(SUBSTITUTE(INDEX(Unido!D$2:D$1001,MATCH(A6,Unido!F$2:F$1001,0))," ","")=SUBSTITUTE('Listado 1'!D6," ",""),"","TELÉFONO DISTINTO")) | D6: Listado 1 | E6: 6
A7: =IF('Listado 1'!C7="","",LOWER(TRIM('Listado 1'!C7))) | B7: =IF(A7="","",IF(COUNTIF(Unido!F$2:F$1001,A7)>0,"sí",IF(COUNTIF(Unido!C$2:C$1001,"*"&A7&"*")>0,"COMPARTE FILA","FALTA"))) | C7: =IF(B7<>"sí","",IF(SUBSTITUTE(INDEX(Unido!D$2:D$1001,MATCH(A7,Unido!F$2:F$1001,0))," ","")=SUBSTITUTE('Listado 1'!D7," ",""),"","TELÉFONO DISTINTO")) | D7: Listado 1 | E7: 7
A8: =IF('Listado 1'!C8="","",LOWER(TRIM('Listado 1'!C8))) | B8: =IF(A8="","",IF(COUNTIF(Unido!F$2:F$1001,A8)>0,"sí",IF(COUNTIF(Unido!C$2:C$1001,"*"&A8&"*")>0,"COMPARTE FILA","FALTA"))) | C8: =IF(B8<>"sí","",IF(SUBSTITUTE(INDEX(Unido!D$2:D$1001,MATCH(A8,Unido!F$2:F$1001,0))," ","")=SUBSTITUTE('Listado 1'!D8," ",""),"","TELÉFONO DISTINTO")) | D8: Listado 1 | E8: 8
A9: =IF('Listado 1'!C9="","",LOWER(TRIM('Listado 1'!C9))) | B9: =IF(A9="","",IF(COUNTIF(Unido!F$2:F$1001,A9)>0,"sí",IF(COUNTIF(Unido!C$2:C$1001,"*"&A9&"*")>0,"COMPARTE FILA","FALTA"))) | C9: =IF(B9<>"sí","",IF(SUBSTITUTE(INDEX(Unido!D$2:D$1001,MATCH(A9,Unido!F$2:F$1001,0))," ","")=SUBSTITUTE('Listado 1'!D9," ",""),"","TELÉFONO DISTINTO")) | D9: Listado 1 | E9: 9
A10: =IF('Listado 1'!C10="","",LOWER(TRIM('Listado 1'!C10))) | B10: =IF(A10="","",IF(COUNTIF(Unido!F$2:F$1001,A10)>0,"sí",IF(COUNTIF(Unido!C$2:C$1001,"*"&A10&"*")>0,"COMPARTE FILA","FALTA"))) | C10: =IF(B10<>"sí","",IF(SUBSTITUTE(INDEX(Unido!D$2:D$1001,MATCH(A10,Unido!F$2:F$1001,0))," ","")=SUBSTITUTE('Listado 1'!D10," ",""),"","TELÉFONO DISTINTO")) | D10: Listado 1 | E10: 10
A11: =IF('Listado 1'!C11="","",LOWER(TRIM('Listado 1'!C11))) | B11: =IF(A11="","",IF(COUNTIF(Unido!F$2:F$1001,A11)>0,"sí",IF(COUNTIF(Unido!C$2:C$1001,"*"&A11&"*")>0,"COMPARTE FILA","FALTA"))) | C11: =IF(B11<>"sí","",IF(SUBSTITUTE(INDEX(Unido!D$2:D$1001,MATCH(A11,Unido!F$2:F$1001,0))," ","")=SUBSTITUTE('Listado 1'!D11," ",""),"","TELÉFONO DISTINTO")) | D11: Listado 1 | E11: 11
A12: =IF('Listado 1'!C12="","",LOWER(TRIM('Listado 1'!C12))) | B12: =IF(A12="","",IF(COUNTIF(Unido!F$2:F$1001,A12)>0,"sí",IF(COUNTIF(Unido!C$2:C$1001,"*"&A12&"*")>0,"COMPARTE FILA","FALTA"))) | C12: =IF(B12<>"sí","",IF(SUBSTITUTE(INDEX(Unido!D$2:D$1001,MATCH(A12,Unido!F$2:F$1001,0))," ","")=SUBSTITUTE('Listado 1'!D12," ",""),"","TELÉFONO DISTINTO")) | D12: Listado 1 | E12: 12
A13: =IF('Listado 1'!C13="","",LOWER(TRIM('Listado 1'!C13))) | B13: =IF(A13="","",IF(COUNTIF(Unido!F$2:F$1001,A13)>0,"sí",IF(COUNTIF(Unido!C$2:C$1001,"*"&A13&"*")>0,"COMPARTE FILA","FALTA"))) | C13: =IF(B13<>"sí","",IF(SUBSTITUTE(INDEX(Unido!D$2:D$1001,MATCH(A13,Unido!F$2:F$1001,0))," ","")=SUBSTITUTE('Listado 1'!D13," ",""),"","TELÉFONO DISTINTO")) | D13: Listado 1 | E13: 13
... A1001: =IF('Listado 1'!C1001="","",LOWER(TRIM('Listado 1'!C1001))) | B1001: =IF(A1001="","",IF(COUNTIF(Unido!F$2:F$1001,A1001)>0,"sí",IF(COUNTIF(Unido!C$2:C$1001,"*"&A1001&"*")>0,"COMPARTE FILA","FALTA"))) | C1001: =IF(B1001<>"sí","",IF(SUBSTITUTE(INDEX(Unido!D$2:D$1001,MATCH(A1001,Unido!F$2:F$1001,0))," ","")=SUBSTITUTE('Listado 1'!D1001," ",""),"","TELÉFONO DISTINTO")) | D1001: Listado 1 | E1001: 1001
A1002: =IF('Listado 2'!C2="","",LOWER(TRIM('Listado 2'!C2))) | B1002: =IF(A1002="","",IF(COUNTIF(Unido!F$2:F$1001,A1002)>0,"sí",IF(COUNTIF(Unido!C$2:C$1001,"*"&A1002&"*")>0,"COMPARTE FILA","FALTA"))) | C1002: =IF(B1002<>"sí","",IF(SUBSTITUTE(INDEX(Unido!D$2:D$1001,MATCH(A1002,Unido!F$2:F$1001,0))," ","")=SUBSTITUTE('Listado 2'!D2," ",""),"","TELÉFONO DISTINTO")) | D1002: Listado 2 | E1002: 2
A1003: =IF('Listado 2'!C3="","",LOWER(TRIM('Listado 2'!C3))) | B1003: =IF(A1003="","",IF(COUNTIF(Unido!F$2:F$1001,A1003)>0,"sí",IF(COUNTIF(Unido!C$2:C$1001,"*"&A1003&"*")>0,"COMPARTE FILA","FALTA"))) | C1003: =IF(B1003<>"sí","",IF(SUBSTITUTE(INDEX(Unido!D$2:D$1001,MATCH(A1003,Unido!F$2:F$1001,0))," ","")=SUBSTITUTE('Listado 2'!D3," ",""),"","TELÉFONO DISTINTO")) | D1003: Listado 2 | E1003: 3
A1004: =IF('Listado 2'!C4="","",LOWER(TRIM('Listado 2'!C4))) | B1004: =IF(A1004="","",IF(COUNTIF(Unido!F$2:F$1001,A1004)>0,"sí",IF(COUNTIF(Unido!C$2:C$1001,"*"&A1004&"*")>0,"COMPARTE FILA","FALTA"))) | C1004: =IF(B1004<>"sí","",IF(SUBSTITUTE(INDEX(Unido!D$2:D$1001,MATCH(A1004,Unido!F$2:F$1001,0))," ","")=SUBSTITUTE('Listado 2'!D4," ",""),"","TELÉFONO DISTINTO")) | D1004: Listado 2 | E1004: 4
A1005: =IF('Listado 2'!C5="","",LOWER(TRIM('Listado 2'!C5))) | B1005: =IF(A1005="","",IF(COUNTIF(Unido!F$2:F$1001,A1005)>0,"sí",IF(COUNTIF(Unido!C$2:C$1001,"*"&A1005&"*")>0,"COMPARTE FILA","FALTA"))) | C1005: =IF(B1005<>"sí","",IF(SUBSTITUTE(INDEX(Unido!D$2:D$1001,MATCH(A1005,Unido!F$2:F$1001,0))," ","")=SUBSTITUTE('Listado 2'!D5," ",""),"","TELÉFONO DISTINTO")) | D1005: Listado 2 | E1005: 5
A1006: =IF('Listado 2'!C6="","",LOWER(TRIM('Listado 2'!C6))) | B1006: =IF(A1006="","",IF(COUNTIF(Unido!F$2:F$1001,A1006)>0,"sí",IF(COUNTIF(Unido!C$2:C$1001,"*"&A1006&"*")>0,"COMPARTE FILA","FALTA"))) | C1006: =IF(B1006<>"sí","",IF(SUBSTITUTE(INDEX(Unido!D$2:D$1001,MATCH(A1006,Unido!F$2:F$1001,0))," ","")=SUBSTITUTE('Listado 2'!D6," ",""),"","TELÉFONO DISTINTO")) | D1006: Listado 2 | E1006: 6
A1007: =IF('Listado 2'!C7="","",LOWER(TRIM('Listado 2'!C7))) | B1007: =IF(A1007="","",IF(COUNTIF(Unido!F$2:F$1001,A1007)>0,"sí",IF(COUNTIF(Unido!C$2:C$1001,"*"&A1007&"*")>0,"COMPARTE FILA","FALTA"))) | C1007: =IF(B1007<>"sí","",IF(SUBSTITUTE(INDEX(Unido!D$2:D$1001,MATCH(A1007,Unido!F$2:F$1001,0))," ","")=SUBSTITUTE('Listado 2'!D7," ",""),"","TELÉFONO DISTINTO")) | D1007: Listado 2 | E1007: 7
A1008: =IF('Listado 2'!C8="","",LOWER(TRIM('Listado 2'!C8))) | B1008: =IF(A1008="","",IF(COUNTIF(Unido!F$2:F$1001,A1008)>0,"sí",IF(COUNTIF(Unido!C$2:C$1001,"*"&A1008&"*")>0,"COMPARTE FILA","FALTA"))) | C1008: =IF(B1008<>"sí","",IF(SUBSTITUTE(INDEX(Unido!D$2:D$1001,MATCH(A1008,Unido!F$2:F$1001,0))," ","")=SUBSTITUTE('Listado 2'!D8," ",""),"","TELÉFONO DISTINTO")) | D1008: Listado 2 | E1008: 8
A1009: =IF('Listado 2'!C9="","",LOWER(TRIM('Listado 2'!C9))) | B1009: =IF(A1009="","",IF(COUNTIF(Unido!F$2:F$1001,A1009)>0,"sí",IF(COUNTIF(Unido!C$2:C$1001,"*"&A1009&"*")>0,"COMPARTE FILA","FALTA"))) | C1009: =IF(B1009<>"sí","",IF(SUBSTITUTE(INDEX(Unido!D$2:D$1001,MATCH(A1009,Unido!F$2:F$1001,0))," ","")=SUBSTITUTE('Listado 2'!D9," ",""),"","TELÉFONO DISTINTO")) | D1009: Listado 2 | E1009: 9
A1010: =IF('Listado 2'!C10="","",LOWER(TRIM('Listado 2'!C10))) | B1010: =IF(A1010="","",IF(COUNTIF(Unido!F$2:F$1001,A1010)>0,"sí",IF(COUNTIF(Unido!C$2:C$1001,"*"&A1010&"*")>0,"COMPARTE FILA","FALTA"))) | C1010: =IF(B1010<>"sí","",IF(SUBSTITUTE(INDEX(Unido!D$2:D$1001,MATCH(A1010,Unido!F$2:F$1001,0))," ","")=SUBSTITUTE('Listado 2'!D10," ",""),"","TELÉFONO DISTINTO")) | D1010: Listado 2 | E1010: 10
A1011: =IF('Listado 2'!C11="","",LOWER(TRIM('Listado 2'!C11))) | B1011: =IF(A1011="","",IF(COUNTIF(Unido!F$2:F$1001,A1011)>0,"sí",IF(COUNTIF(Unido!C$2:C$1001,"*"&A1011&"*")>0,"COMPARTE FILA","FALTA"))) | C1011: =IF(B1011<>"sí","",IF(SUBSTITUTE(INDEX(Unido!D$2:D$1001,MATCH(A1011,Unido!F$2:F$1001,0))," ","")=SUBSTITUTE('Listado 2'!D11," ",""),"","TELÉFONO DISTINTO")) | D1011: Listado 2 | E1011: 11
A1012: =IF('Listado 2'!C12="","",LOWER(TRIM('Listado 2'!C12))) | B1012: =IF(A1012="","",IF(COUNTIF(Unido!F$2:F$1001,A1012)>0,"sí",IF(COUNTIF(Unido!C$2:C$1001,"*"&A1012&"*")>0,"COMPARTE FILA","FALTA"))) | C1012: =IF(B1012<>"sí","",IF(SUBSTITUTE(INDEX(Unido!D$2:D$1001,MATCH(A1012,Unido!F$2:F$1001,0))," ","")=SUBSTITUTE('Listado 2'!D12," ",""),"","TELÉFONO DISTINTO")) | D1012: Listado 2 | E1012: 12
A1013: =IF('Listado 2'!C13="","",LOWER(TRIM('Listado 2'!C13))) | B1013: =IF(A1013="","",IF(COUNTIF(Unido!F$2:F$1001,A1013)>0,"sí",IF(COUNTIF(Unido!C$2:C$1001,"*"&A1013&"*")>0,"COMPARTE FILA","FALTA"))) | C1013: =IF(B1013<>"sí","",IF(SUBSTITUTE(INDEX(Unido!D$2:D$1001,MATCH(A1013,Unido!F$2:F$1001,0))," ","")=SUBSTITUTE('Listado 2'!D13," ",""),"","TELÉFONO DISTINTO")) | D1013: Listado 2 | E1013: 13
... A2001: =IF('Listado 2'!C1001="","",LOWER(TRIM('Listado 2'!C1001))) | B2001: =IF(A2001="","",IF(COUNTIF(Unido!F$2:F$1001,A2001)>0,"sí",IF(COUNTIF(Unido!C$2:C$1001,"*"&A2001&"*")>0,"COMPARTE FILA","FALTA"))) | C2001: =IF(B2001<>"sí","",IF(SUBSTITUTE(INDEX(Unido!D$2:D$1001,MATCH(A2001,Unido!F$2:F$1001,0))," ","")=SUBSTITUTE('Listado 2'!D1001," ",""),"","TELÉFONO DISTINTO")) | D2001: Listado 2 | E2001: 1001
