Workbook

Sheet Resumen
A1: Ejemplo real: el viaje del vídeo con las transferencias que propuso Gemini
A2: Cómo se usa: escribe los nombres aquí (columna A). En «Gastos», una fila por gasto: importe, quién pagó y una «x» en las personas que participan (si pagaron dos a medias, pon dos filas). Un gasto que se devuelve (una fianza) va en negativo. En «Entre amigos», el dinero que uno ya le dio a otro durante el viaje. En «Transferencias», lo que te propone la IA.
A4: Persona | B4: Ha pagado | C4: Le toca | D4: Dado (−recibido) entre amigos | E4: Saldo (+ le deben / − debe) | F4: Qué le toca hacer | G4: Tras las transferencias | H4: ¿En paz?
A5: Ana | B5: =IF(A5="","",SUMIF('Gastos'!C$2:C$201,A5,'Gastos'!B$2:B$201)) | C5: =IF(A5="","",SUMPRODUCT(('Gastos'!D$2:D$201<>"")*'Gastos'!M$2:M$201)) | D5: =IF(A5="","",SUMIF('Entre amigos'!A$2:A$51,A5,'Entre amigos'!C$2:C$51)-SUMIF('Entre amigos'!B$2:B$51,A5,'Entre amigos'!C$2:C$51)) | E5: =IF(A5="","",ROUND(B5-C5+D5,2)) | F5: =IF(A5="","",IF(E5>0.004,"le deben",IF(E5<-0.004,"debe","en paz"))) | G5: =IF(A5="","",ROUND(E5+SUMIF('Transferencias'!A$2:A$51,A5,'Transferencias'!C$2:C$51)-SUMIF('Transferencias'!B$2:B$51,A5,'Transferencias'!C$2:C$51),2)) | H5: =IF(A5="","",IF(ABS(G5)<0.005,"sí","NO"))
A6: Bruno | B6: =IF(A6="","",SUMIF('Gastos'!C$2:C$201,A6,'Gastos'!B$2:B$201)) | C6: =IF(A6="","",SUMPRODUCT(('Gastos'!E$2:E$201<>"")*'Gastos'!M$2:M$201)) | D6: =IF(A6="","",SUMIF('Entre amigos'!A$2:A$51,A6,'Entre amigos'!C$2:C$51)-SUMIF('Entre amigos'!B$2:B$51,A6,'Entre amigos'!C$2:C$51)) | E6: =IF(A6="","",ROUND(B6-C6+D6,2)) | F6: =IF(A6="","",IF(E6>0.004,"le deben",IF(E6<-0.004,"debe","en paz"))) | G6: =IF(A6="","",ROUND(E6+SUMIF('Transferencias'!A$2:A$51,A6,'Transferencias'!C$2:C$51)-SUMIF('Transferencias'!B$2:B$51,A6,'Transferencias'!C$2:C$51),2)) | H6: =IF(A6="","",IF(ABS(G6)<0.005,"sí","NO"))
A7: Carla | B7: =IF(A7="","",SUMIF('Gastos'!C$2:C$201,A7,'Gastos'!B$2:B$201)) | C7: =IF(A7="","",SUMPRODUCT(('Gastos'!F$2:F$201<>"")*'Gastos'!M$2:M$201)) | D7: =IF(A7="","",SUMIF('Entre amigos'!A$2:A$51,A7,'Entre amigos'!C$2:C$51)-SUMIF('Entre amigos'!B$2:B$51,A7,'Entre amigos'!C$2:C$51)) | E7: =IF(A7="","",ROUND(B7-C7+D7,2)) | F7: =IF(A7="","",IF(E7>0.004,"le deben",IF(E7<-0.004,"debe","en paz"))) | G7: =IF(A7="","",ROUND(E7+SUMIF('Transferencias'!A$2:A$51,A7,'Transferencias'!C$2:C$51)-SUMIF('Transferencias'!B$2:B$51,A7,'Transferencias'!C$2:C$51),2)) | H7: =IF(A7="","",IF(ABS(G7)<0.005,"sí","NO"))
A8: David | B8: =IF(A8="","",SUMIF('Gastos'!C$2:C$201,A8,'Gastos'!B$2:B$201)) | C8: =IF(A8="","",SUMPRODUCT(('Gastos'!G$2:G$201<>"")*'Gastos'!M$2:M$201)) | D8: =IF(A8="","",SUMIF('Entre amigos'!A$2:A$51,A8,'Entre amigos'!C$2:C$51)-SUMIF('Entre amigos'!B$2:B$51,A8,'Entre amigos'!C$2:C$51)) | E8: =IF(A8="","",ROUND(B8-C8+D8,2)) | F8: =IF(A8="","",IF(E8>0.004,"le deben",IF(E8<-0.004,"debe","en paz"))) | G8: =IF(A8="","",ROUND(E8+SUMIF('Transferencias'!A$2:A$51,A8,'Transferencias'!C$2:C$51)-SUMIF('Transferencias'!B$2:B$51,A8,'Transferencias'!C$2:C$51),2)) | H8: =IF(A8="","",IF(ABS(G8)<0.005,"sí","NO"))
A9: Elena | B9: =IF(A9="","",SUMIF('Gastos'!C$2:C$201,A9,'Gastos'!B$2:B$201)) | C9: =IF(A9="","",SUMPRODUCT(('Gastos'!H$2:H$201<>"")*'Gastos'!M$2:M$201)) | D9: =IF(A9="","",SUMIF('Entre amigos'!A$2:A$51,A9,'Entre amigos'!C$2:C$51)-SUMIF('Entre amigos'!B$2:B$51,A9,'Entre amigos'!C$2:C$51)) | E9: =IF(A9="","",ROUND(B9-C9+D9,2)) | F9: =IF(A9="","",IF(E9>0.004,"le deben",IF(E9<-0.004,"debe","en paz"))) | G9: =IF(A9="","",ROUND(E9+SUMIF('Transferencias'!A$2:A$51,A9,'Transferencias'!C$2:C$51)-SUMIF('Transferencias'!B$2:B$51,A9,'Transferencias'!C$2:C$51),2)) | H9: =IF(A9="","",IF(ABS(G9)<0.005,"sí","NO"))
B10: =IF(A10="","",SUMIF('Gastos'!C$2:C$201,A10,'Gastos'!B$2:B$201)) | C10: =IF(A10="","",SUMPRODUCT(('Gastos'!I$2:I$201<>"")*'Gastos'!M$2:M$201)) | D10: =IF(A10="","",SUMIF('Entre amigos'!A$2:A$51,A10,'Entre amigos'!C$2:C$51)-SUMIF('Entre amigos'!B$2:B$51,A10,'Entre amigos'!C$2:C$51)) | E10: =IF(A10="","",ROUND(B10-C10+D10,2)) | F10: =IF(A10="","",IF(E10>0.004,"le deben",IF(E10<-0.004,"debe","en paz"))) | G10: =IF(A10="","",ROUND(E10+SUMIF('Transferencias'!A$2:A$51,A10,'Transferencias'!C$2:C$51)-SUMIF('Transferencias'!B$2:B$51,A10,'Transferencias'!C$2:C$51),2)) | H10: =IF(A10="","",IF(ABS(G10)<0.005,"sí","NO"))
B11: =IF(A11="","",SUMIF('Gastos'!C$2:C$201,A11,'Gastos'!B$2:B$201)) | C11: =IF(A11="","",SUMPRODUCT(('Gastos'!J$2:J$201<>"")*'Gastos'!M$2:M$201)) | D11: =IF(A11="","",SUMIF('Entre amigos'!A$2:A$51,A11,'Entre amigos'!C$2:C$51)-SUMIF('Entre amigos'!B$2:B$51,A11,'Entre amigos'!C$2:C$51)) | E11: =IF(A11="","",ROUND(B11-C11+D11,2)) | F11: =IF(A11="","",IF(E11>0.004,"le deben",IF(E11<-0.004,"debe","en paz"))) | G11: =IF(A11="","",ROUND(E11+SUMIF('Transferencias'!A$2:A$51,A11,'Transferencias'!C$2:C$51)-SUMIF('Transferencias'!B$2:B$51,A11,'Transferencias'!C$2:C$51),2)) | H11: =IF(A11="","",IF(ABS(G11)<0.005,"sí","NO"))
B12: =IF(A12="","",SUMIF('Gastos'!C$2:C$201,A12,'Gastos'!B$2:B$201)) | C12: =IF(A12="","",SUMPRODUCT(('Gastos'!K$2:K$201<>"")*'Gastos'!M$2:M$201)) | D12: =IF(A12="","",SUMIF('Entre amigos'!A$2:A$51,A12,'Entre amigos'!C$2:C$51)-SUMIF('Entre amigos'!B$2:B$51,A12,'Entre amigos'!C$2:C$51)) | E12: =IF(A12="","",ROUND(B12-C12+D12,2)) | F12: =IF(A12="","",IF(E12>0.004,"le deben",IF(E12<-0.004,"debe","en paz"))) | G12: =IF(A12="","",ROUND(E12+SUMIF('Transferencias'!A$2:A$51,A12,'Transferencias'!C$2:C$51)-SUMIF('Transferencias'!B$2:B$51,A12,'Transferencias'!C$2:C$51),2)) | H12: =IF(A12="","",IF(ABS(G12)<0.005,"sí","NO"))
A14: Total del viaje | B14: =SUM('Gastos'!B$2:B$201)
A15: Suma de saldos (tiene que dar 0) | B15: =ROUND(SUM(E5:E12),2)
A16: Gastos con «Pagó» que no está en la lista de personas | B16: =SUMPRODUCT(('Gastos'!C$2:C$201<>"")*(COUNTIF(A5:A12,'Gastos'!C$2:C$201)=0))
A17: Gastos sin nadie marcado | B17: =SUMPRODUCT(('Gastos'!B$2:B$201<>"")*('Gastos'!L$2:L$201=0))
A19: Resultado | B19: =IF(COUNTA('Transferencias'!A$2:A$51)=0,"Pega en «Transferencias» lo que te propone la IA",IF(AND(COUNTIF(H5:H12,"NO")=0,B15=0,B16=0),"CUADRA: con esas transferencias todos quedan en paz","NO CUADRA: mira la columna «Tras las transferencias»"))
A20: Ojo | B20: Que el total cuadre no prueba nada: un reparto mal hecho también suma el total del viaje. Lo que cuenta es que cada persona quede a cero.

Sheet Gastos
A1: Concepto | B1: Importe | C1: Pagó | D1: =IF('Resumen'!A5="","(persona 1)",'Resumen'!A5) | E1: =IF('Resumen'!A6="","(persona 2)",'Resumen'!A6) | F1: =IF('Resumen'!A7="","(persona 3)",'Resumen'!A7) | G1: =IF('Resumen'!A8="","(persona 4)",'Resumen'!A8) | H1: =IF('Resumen'!A9="","(persona 5)",'Resumen'!A9) | I1: =IF('Resumen'!A10="","(persona 6)",'Resumen'!A10) | J1: =IF('Resumen'!A11="","(persona 7)",'Resumen'!A11) | K1: =IF('Resumen'!A12="","(persona 8)",'Resumen'!A12) | L1: Entre cuántos | M1: Por persona
A2: Alquiler del coche | B2: 236.4 | C2: Bruno | D2: x | E2: x | F2: x | G2: x | H2: x | L2: =IF(B2="","",COUNTA(D2:K2)) | M2: =IF(OR(B2="",L2=0),0,B2/L2)
A3: Gasolina de la ida | B3: 68.9 | C3: David | D3: x | E3: x | F3: x | G3: x | H3: x | L3: =IF(B3="","",COUNTA(D3:K3)) | M3: =IF(OR(B3="",L3=0),0,B3/L3)
A4: Casa rural, tres noches (incluye 100 € de fianza) | B4: 540 | C4: Ana | D4: x | E4: x | F4: x | G4: x | H4: x | L4: =IF(B4="","",COUNTA(D4:K4)) | M4: =IF(OR(B4="",L4=0),0,B4/L4)
A5: Compra en el supermercado | B5: 87.35 | C5: Carla | D5: x | E5: x | F5: x | G5: x | H5: x | L5: =IF(B5="","",COUNTA(D5:K5)) | M5: =IF(OR(B5="",L5=0),0,B5/L5)
A6: Cena en la sidrería | B6: 132.5 | C6: Elena | D6: x | E6: x | F6: x | G6: x | H6: x | L6: =IF(B6="","",COUNTA(D6:K6)) | M6: =IF(OR(B6="",L6=0),0,B6/L6)
A7: Peajes | B7: 23.6 | C7: Bruno | D7: x | E7: x | F7: x | G7: x | H7: x | L7: =IF(B7="","",COUNTA(D7:K7)) | M7: =IF(OR(B7="",L7=0),0,B7/L7)
A8: Kayak (solo Ana, Carla y David) | B8: 105 | C8: Carla | D8: x | F8: x | G8: x | L8: =IF(B8="","",COUNTA(D8:K8)) | M8: =IF(OR(B8="",L8=0),0,B8/L8)
A9: Comida en Cudillero (Elena no fue) | B9: 96 | C9: David | D9: x | E9: x | F9: x | G9: x | L9: =IF(B9="","",COUNTA(D9:K9)) | M9: =IF(OR(B9="",L9=0),0,B9/L9)
A10: Museo (entradas de Bruno y Elena) | B10: 18 | C10: Bruno | E10: x | H10: x | L10: =IF(B10="","",COUNTA(D10:K10)) | M10: =IF(OR(B10="",L10=0),0,B10/L10)
A11: Cafés y churros | B11: 21.75 | C11: Ana | D11: x | E11: x | F11: x | G11: x | H11: x | L11: =IF(B11="","",COUNTA(D11:K11)) | M11: =IF(OR(B11="",L11=0),0,B11/L11)
A12: Helados | B12: 14.5 | C12: Carla | D12: x | E12: x | F12: x | G12: x | H12: x | L12: =IF(B12="","",COUNTA(D12:K12)) | M12: =IF(OR(B12="",L12=0),0,B12/L12)
A13: Compra para la cena del sábado | B13: 54.2 | C13: Elena | D13: x | E13: x | F13: x | G13: x | H13: x | L13: =IF(B13="","",COUNTA(D13:K13)) | M13: =IF(OR(B13="",L13=0),0,B13/L13)
A14: Parking en Oviedo | B14: 12.4 | C14: David | D14: x | E14: x | F14: x | G14: x | H14: x | L14: =IF(B14="","",COUNTA(D14:K14)) | M14: =IF(OR(B14="",L14=0),0,B14/L14)
A15: Autobús de vuelta de Carla | B15: 31.5 | C15: Ana | F15: x | L15: =IF(B15="","",COUNTA(D15:K15)) | M15: =IF(OR(B15="",L15=0),0,B15/L15)
A16: Comida del domingo (Carla ya se había ido) | B16: 118.8 | C16: Bruno | D16: x | E16: x | G16: x | H16: x | L16: =IF(B16="","",COUNTA(D16:K16)) | M16: =IF(OR(B16="",L16=0),0,B16/L16)
A17: Gasolina de la vuelta (a medias Bruno y David; Carla ya no venía) (parte de Bruno) | B17: 22.5 | C17: Bruno | D17: x | E17: x | G17: x | H17: x | L17: =IF(B17="","",COUNTA(D17:K17)) | M17: =IF(OR(B17="",L17=0),0,B17/L17)
A18: Gasolina de la vuelta (a medias Bruno y David; Carla ya no venía) (parte de David) | B18: 22.5 | C18: David | D18: x | E18: x | G18: x | H18: x | L18: =IF(B18="","",COUNTA(D18:K18)) | M18: =IF(OR(B18="",L18=0),0,B18/L18)
A19: Fianza de la casa devuelta a Ana | B19: -100 | C19: Ana | D19: x | E19: x | F19: x | G19: x | H19: x | L19: =IF(B19="","",COUNTA(D19:K19)) | M19: =IF(OR(B19="",L19=0),0,B19/L19)
L20: =IF(B20="","",COUNTA(D20:K20)) | M20: =IF(OR(B20="",L20=0),0,B20/L20)
L21: =IF(B21="","",COUNTA(D21:K21)) | M21: =IF(OR(B21="",L21=0),0,B21/L21)
L22: =IF(B22="","",COUNTA(D22:K22)) | M22: =IF(OR(B22="",L22=0),0,B22/L22)
L23: =IF(B23="","",COUNTA(D23:K23)) | M23: =IF(OR(B23="",L23=0),0,B23/L23)
L24: =IF(B24="","",COUNTA(D24:K24)) | M24: =IF(OR(B24="",L24=0),0,B24/L24)
L25: =IF(B25="","",COUNTA(D25:K25)) | M25: =IF(OR(B25="",L25=0),0,B25/L25)
L26: =IF(B26="","",COUNTA(D26:K26)) | M26: =IF(OR(B26="",L26=0),0,B26/L26)
L27: =IF(B27="","",COUNTA(D27:K27)) | M27: =IF(OR(B27="",L27=0),0,B27/L27)
L28: =IF(B28="","",COUNTA(D28:K28)) | M28: =IF(OR(B28="",L28=0),0,B28/L28)
L29: =IF(B29="","",COUNTA(D29:K29)) | M29: =IF(OR(B29="",L29=0),0,B29/L29)
L30: =IF(B30="","",COUNTA(D30:K30)) | M30: =IF(OR(B30="",L30=0),0,B30/L30)
L31: =IF(B31="","",COUNTA(D31:K31)) | M31: =IF(OR(B31="",L31=0),0,B31/L31)
... L201: =IF(B201="","",COUNTA(D201:K201)) | M201: =IF(OR(B201="",L201=0),0,B201/L201)

Sheet Entre amigos
A1: De | B1: Para | C1: Importe | D1: Dinero que uno ya le dio a otro durante el viaje (un adelanto, un bizum).
A2: Elena | B2: Ana | C2: 50

Sheet Transferencias
A1: De | B1: Para | C1: Importe | D1: Las transferencias que te propone la IA (o tu propuesta): quién paga, a quién y cuánto.
A2: David | B2: Bruno | C2: 118.47
A3: Carla | B3: Bruno | C3: 8.56
A4: Carla | B4: Ana | C4: 93.41
A5: Elena | B5: Ana | C5: 31.57
